,titre,url
0, Le PNCS apporte des corrections à la politique de l'alimentation scolaire en Haïti ,https://lenouvelliste.com/article/234855/le-pncs-apporte-des-corrections-a-la-politique-de-lalimentation-scolaire-en-haiti
1, Colloque sur les eaux souterraines au campus Henry Christophe de Limonade à l’occasion de la Journée mondiale de l’eau ,https://lenouvelliste.com/article/234825/colloque-sur-les-eaux-souterraines-au-campus-henry-christophe-de-limonade-a-loccasion-de-la-journee-mondiale-de-leau
2, Le Collège Canado-Haïtien en plein dans la 8e édition de sa semaine culturelle ,https://lenouvelliste.com/article/234824/le-college-canado-haitien-en-plein-dans-la-8e-edition-de-sa-semaine-culturelle
3, En Français et an Kreyòl tan pri ! ,https://lenouvelliste.com/article/234862/en-francais-et-an-kreyol-tan-pri
4, Assassinat de Jovenel Moïse : les Etats-Unis formulent une demande d'extradition de l'ex-sénateur John Joël Joseph ,https://lenouvelliste.com/article/234861/assassinat-de-jovenel-moise-les-etats-unis-formulent-une-demande-dextradition-de-lex-senateur-john-joel-joseph
5, Le PNCS apporte des corrections à la politique de l'alimentation scolaire en Haïti ,https://lenouvelliste.com/article/234855/le-pncs-apporte-des-corrections-a-la-politique-de-lalimentation-scolaire-en-haiti
6, Colloque sur les eaux souterraines au campus Henry Christophe de Limonade à l’occasion de la Journée mondiale de l’eau ,https://lenouvelliste.com/article/234825/colloque-sur-les-eaux-souterraines-au-campus-henry-christophe-de-limonade-a-loccasion-de-la-journee-mondiale-de-leau
7, Le Collège Canado-Haïtien en plein dans la 8e édition de sa semaine culturelle ,https://lenouvelliste.com/article/234824/le-college-canado-haitien-en-plein-dans-la-8e-edition-de-sa-semaine-culturelle
8, En Français et an Kreyòl tan pri ! ,https://lenouvelliste.com/article/234862/en-francais-et-an-kreyol-tan-pri
9, Assassinat de Jovenel Moïse : les Etats-Unis formulent une demande d'extradition de l'ex-sénateur John Joël Joseph ,https://lenouvelliste.com/article/234861/assassinat-de-jovenel-moise-les-etats-unis-formulent-une-demande-dextradition-de-lex-senateur-john-joel-joseph
10,"  Lutte contre la tuberculose en Haïti : des avancées enregistrées, des défis aussi ",https://lenouvelliste.com/article/234856/lutte-contre-la-tuberculose-en-haiti-des-avancees-enregistrees-des-defis-aussi
11, Guerre Russie-Ukraine : Ariel Henry demande à ses ministres de réfléchir sur les impacts économiques en Haïti ,https://lenouvelliste.com/article/234853/guerre-russie-ukraine-ariel-henry-demande-a-ses-ministres-de-reflechir-sur-les-impacts-economiques-en-haiti
12, Les remous de l'actualité ,https://lenouvelliste.com/article/234852/les-remous-de-lactualite
13, Journée Internationale des Droits des Femmes Commémoration du Gouvernement haïtien ,https://lenouvelliste.com/article/234844/journee-internationale-des-droits-des-femmes-commemoration-du-gouvernement-haitien
14, Propos de la Ministre de la Condition Féminine et aux Droits des Femmes dans le cadre de la célébration de la journée Internationale des femmes le 8 Mars 2022 ,https://lenouvelliste.com/article/234843/propos-de-la-ministre-de-la-condition-feminine-et-aux-droits-des-femmes-dans-le-cadre-de-la-celebration-de-la-journee-internationale-des-femmes-le-8-mars-2022
15," Diskou Minis Kondisyon Fanm ak Dwa Fanm yo nan kad selebrasyon Jounen ENtènasyonal Dwa Fanm yo, 8 Mas 2022 ",https://lenouvelliste.com/article/234842/diskou-minis-kondisyon-fanm-ak-dwa-fanm-yo-nan-kad-selebrasyon-jounen-entenasyonal-dwa-fanm-yo-8-mas-2022
16, Payons nos dettes?! ,https://lenouvelliste.com/article/234841/payons-nos-dettes
17, Le Rotary club de Port-au-Prince célèbre ses 60 ans ,https://lenouvelliste.com/article/234791/le-rotary-club-de-port-au-prince-celebre-ses-60-ans
18, Les remous de l'actualité ,https://lenouvelliste.com/article/234834/les-remous-de-lactualite
19," Le Dr Michel D’Alexis : 21 jours de séquestration, malgré le versement d’une rançon ",https://lenouvelliste.com/article/234833/le-dr-michel-dalexis-21-jours-de-sequestration-malgre-le-versement-dune-rancon
20, Football-amputés : nos champions sont de retour ,https://lenouvelliste.com/article/234830/football-amputes-nos-champions-sont-de-retour
21," Décès de la mambo Euvonie Georges Auguste, « Gran sèvitè de KNVA » ",https://lenouvelliste.com/article/234823/deces-de-la-mambo-euvonie-georges-auguste-gran-sevite-de-knva
22," Ariel Henry boude trois invitations du Sénat, ignore la correspondance du BSA et appelle au dialogue ",https://lenouvelliste.com/article/234807/ariel-henry-boude-trois-invitations-du-senat-ignore-la-correspondance-du-bsa-et-appelle-au-dialogue
23, Le gouvernement haïtien commémore la Journée internationale de la francophonie ,https://lenouvelliste.com/article/234799/le-gouvernement-haitien-commemore-la-journee-internationale-de-la-francophonie
24," Lycée français, toujours pas de retour en classe pour les élèves ",https://lenouvelliste.com/article/234769/lycee-francais-toujours-pas-de-retour-en-classe-pour-les-eleves
25," Crise russo-ukrainienne : préoccupés, les boursiers haïtiens interpellent leur gouvernement   ",https://lenouvelliste.com/article/234757/crise-russo-ukrainienne-preoccupes-les-boursiers-haitiens-interpellent-leur-gouvernement
26, Les remous de l'actualité ,https://lenouvelliste.com/article/234817/les-remous-de-lactualite
27, Accusation de détournement de fonds : Jean Marie Altéma dénonce et clarifie ,https://lenouvelliste.com/article/234816/accusation-de-detournement-de-fonds-jean-marie-altema-denonce-et-clarifie
28," La primature continue d’entretenir les gangs, insiste Pierre Espérance ",https://lenouvelliste.com/article/234814/la-primature-continue-dentretenir-les-gangs-insiste-pierre-esperance
29, Fritz Alphonse Jean : « Je ne vois pas comment le collège présidentiel pourrait fonctionner » ,https://lenouvelliste.com/article/234813/fritz-alphonse-jean-je-ne-vois-pas-comment-le-college-presidentiel-pourrait-fonctionner
30," Construction de l'HUEH : terminer l'ouvrage au printemps 2023, «un objectif raisonnable», selon l'ambassadeur de France Fabrice Mauries ",https://lenouvelliste.com/article/234766/construction-de-lhueh-terminer-louvrage-au-printemps-2023-un-objectif-raisonnable-selon-lambassadeur-de-france-fabrice-mauries
31," Insécurité, Etat, culture populaire… ",https://lenouvelliste.com/article/234763/insecurite-etat-culture-populaire
32," Gonaïves : 10 ans après, le procès du dossier de l'assassinat  du professeur Pétonne Narcisse dans l'impasse ",https://lenouvelliste.com/article/234752/gonaives-10-ans-apres-le-proces-du-dossier-de-lassassinat-du-professeur-petonne-narcisse-dans-limpasse
33," De l'exécution des dépenses publiques, le ministère des Finances précise ",https://lenouvelliste.com/article/234800/de-lexecution-des-depenses-publiques-le-ministere-des-finances-precise
34," Le Premier ministre Ariel Henry, une overdose de promesses ",https://lenouvelliste.com/article/234796/le-premier-ministre-ariel-henry-une-overdose-de-promesses
35," Assassinat de Jovenel Moïse: le juge d'instruction, en fin de mandat, n'a encore ni des moyens ni le dossier ",https://lenouvelliste.com/article/234793/assassinat-de-jovenel-moise-le-juge-dinstruction-en-fin-de-mandat-na-encore-ni-des-moyens-ni-le-dossier
36, Les remous de l'actualité ,https://lenouvelliste.com/article/234790/les-remous-de-lactualite
37, Ariel Henry renouvelle le mandat de 58 juges ,https://lenouvelliste.com/article/234781/ariel-henry-renouvelle-le-mandat-de-58-juges
38," Guerre en Ukraine, crise politique en Haïti, l’ambassadeur de France Fabrice Mauries donne sa position ",https://lenouvelliste.com/article/234771/guerre-en-ukraine-crise-politique-en-haiti-lambassadeur-de-france-fabrice-mauries-donne-sa-position
39, 132 millions de dollars pour améliorer la sécurité alimentaire et les infrastructures routières en Haïti ,https://lenouvelliste.com/article/234773/132-millions-de-dollars-pour-ameliorer-la-securite-alimentaire-et-les-infrastructures-routieres-en-haiti
40," Nouveau coup de filet de la PNH, un otage libéré à Torcel ",https://lenouvelliste.com/article/234770/nouveau-coup-de-filet-de-la-pnh-un-otage-libere-a-torcel
41, Les remous de l'actualité ,https://lenouvelliste.com/article/234765/les-remous-de-lactualite
42, Un sit-in pour dénoncer l’insécurité et le blocage de Martissant devant l’aéroport Antoine Simon des Cayes ,https://lenouvelliste.com/article/234762/un-sit-in-pour-denoncer-linsecurite-et-le-blocage-de-martissant-devant-laeroport-antoine-simon-des-cayes
43, Joseph Lambert demande à la population de prendre note du refus d’Ariel Henry de dialoguer ,https://lenouvelliste.com/article/234761/joseph-lambert-demande-a-la-population-de-prendre-note-du-refus-dariel-henry-de-dialoguer
44, Un bébé de huit mois parmi 84 rapatriés au Cap-Haïtien ,https://lenouvelliste.com/article/234760/un-bebe-de-huit-mois-parmi-84-rapatries-au-cap-haitien
45, 7 congressmen américains demandent au président Biden de lâcher Ariel Henry ,https://lenouvelliste.com/article/234759/7-congressmen-americains-demandent-au-president-biden-de-lacher-ariel-henry
46, CARDH : dégradation accélérée des conditions de vie suite à l’assassinat de Jovenel Moïse ,https://lenouvelliste.com/article/234742/cardh-degradation-acceleree-des-conditions-de-vie-suite-a-lassassinat-de-jovenel-moise
47, L’ambassadeur de France Fabrice Mauries visite Le Nouvelliste ,https://lenouvelliste.com/article/234739/lambassadeur-de-france-fabrice-mauries-visite-le-nouvelliste
48," Mariée en décembre 2021, assassinée en mars, le mari recherché ",https://lenouvelliste.com/article/234735/mariee-en-decembre-2021-assassinee-en-mars-le-mari-recherche
49, Reprise normale des activités à l’hôpital Saint-Nicolas de Saint-Marc ,https://lenouvelliste.com/article/234734/reprise-normale-des-activites-a-lhopital-saint-nicolas-de-saint-marc
